"","year","month","value","units","date"
"1",2015,6,350.347989896443,"Terawatthours",2015.41666666667
"2",2015,5,311.367651727432,"Terawatthours",2015.33333333333
"3",2015,4,284.344395542062,"Terawatthours",2015.25
"4",2015,3,313.402578568137,"Terawatthours",2015.16666666667
"5",2015,2,323.343983993583,"Terawatthours",2015.08333333333
"6",2015,1,348.458986442173,"Terawatthours",2015
"7",2014,12,326.709240406439,"Terawatthours",2014.91666666667
"8",2014,11,306.928570222406,"Terawatthours",2014.83333333333
"9",2014,10,304.054503913676,"Terawatthours",2014.75
"10",2014,9,328.574863753115,"Terawatthours",2014.66666666667
"11",2014,8,371.550026580979,"Terawatthours",2014.58333333333
"12",2014,7,372.940559567663,"Terawatthours",2014.5
"13",2014,6,345.934762333839,"Terawatthours",2014.41666666667
"14",2014,5,313.917265752897,"Terawatthours",2014.33333333333
"15",2014,4,287.725249971706,"Terawatthours",2014.25
"16",2014,3,320.779773472581,"Terawatthours",2014.16666666667
"17",2014,2,313.553910749361,"Terawatthours",2014.08333333333
"18",2014,1,364.699430777184,"Terawatthours",2014
"19",2013,12,341.272473063567,"Terawatthours",2013.91666666667
"20",2013,11,304.071559743251,"Terawatthours",2013.83333333333
"21",2013,10,304.444540371402,"Terawatthours",2013.75
"22",2013,9,329.594168773839,"Terawatthours",2013.66666666667
"23",2013,8,372.463186783275,"Terawatthours",2013.58333333333
"24",2013,7,381.70490394105,"Terawatthours",2013.5
"25",2013,6,344.947359051821,"Terawatthours",2013.41666666667
"26",2013,5,311.434092415242,"Terawatthours",2013.33333333333
"27",2013,4,289.370876994832,"Terawatthours",2013.25
"28",2013,3,314.569350826104,"Terawatthours",2013.16666666667
"29",2013,2,299.42012963149,"Terawatthours",2013.08333333333
"30",2013,1,337.35351847311,"Terawatthours",2013
"31",2012,12,323.498217299591,"Terawatthours",2012.91666666667
"32",2012,11,295.791988390912,"Terawatthours",2012.83333333333
"33",2012,10,301.278835134464,"Terawatthours",2012.75
"34",2012,9,323.449676387352,"Terawatthours",2012.66666666667
"35",2012,8,382.530429100404,"Terawatthours",2012.58333333333
"36",2012,7,400.840195184041,"Terawatthours",2012.5
"37",2012,6,348.817623855259,"Terawatthours",2012.41666666667
"38",2012,5,325.318107087035,"Terawatthours",2012.33333333333
"39",2012,4,285.402830462105,"Terawatthours",2012.25
"40",2012,3,298.803835408953,"Terawatthours",2012.16666666667
"41",2012,2,299.092740454825,"Terawatthours",2012.08333333333
"42",2012,1,328.228539444451,"Terawatthours",2012
"43",2011,12,324.566803739578,"Terawatthours",2011.91666666667
"44",2011,11,293.981439045873,"Terawatthours",2011.83333333333
"45",2011,10,298.42481858515,"Terawatthours",2011.75
"46",2011,9,326.684745671429,"Terawatthours",2011.66666666667
"47",2011,8,392.982356116912,"Terawatthours",2011.58333333333
"48",2011,7,404.758389933084,"Terawatthours",2011.5
"49",2011,6,355.488822648243,"Terawatthours",2011.41666666667
"50",2011,5,312.857681403541,"Terawatthours",2011.33333333333
"51",2011,4,292.336632767479,"Terawatthours",2011.25
"52",2011,3,308.103068501456,"Terawatthours",2011.16666666667
"53",2011,2,302.705551459876,"Terawatthours",2011.08333333333
"54",2011,1,350.795282241391,"Terawatthours",2011
"55",2010,12,350.067524310537,"Terawatthours",2010.91666666667
"56",2010,11,295.825431080269,"Terawatthours",2010.83333333333
"57",2010,10,297.672891703709,"Terawatthours",2010.75
"58",2010,9,334.528565374477,"Terawatthours",2010.66666666667
"59",2010,8,395.276226470529,"Terawatthours",2010.58333333333
"60",2010,7,396.089512962851,"Terawatthours",2010.5
"61",2010,6,363.253960096291,"Terawatthours",2010.41666666667
"62",2010,5,317.022553930325,"Terawatthours",2010.33333333333
"63",2010,4,278.222049729273,"Terawatthours",2010.25
"64",2010,3,301.778499500453,"Terawatthours",2010.16666666667
"65",2010,2,309.093748962086,"Terawatthours",2010.08333333333
"66",2010,1,348.944279558235,"Terawatthours",2010
"67",2009,12,338.842186041649,"Terawatthours",2009.91666666667
"68",2009,11,286.762476765407,"Terawatthours",2009.83333333333
"69",2009,10,296.821840319795,"Terawatthours",2009.75
"70",2009,9,316.504508362526,"Terawatthours",2009.66666666667
"71",2009,8,368.534122241807,"Terawatthours",2009.58333333333
"72",2009,7,360.143780318929,"Terawatthours",2009.5
"73",2009,6,336.08795039725,"Terawatthours",2009.41666666667
"74",2009,5,300.945411695588,"Terawatthours",2009.33333333333
"75",2009,4,279.901268316536,"Terawatthours",2009.25
"76",2009,3,300.265896927411,"Terawatthours",2009.16666666667
"77",2009,2,290.873671233301,"Terawatthours",2009.08333333333
"78",2009,1,343.178251998799,"Terawatthours",2009
"79",2008,12,332.453098190913,"Terawatthours",2008.91666666667
"80",2008,11,299.727702028102,"Terawatthours",2008.83333333333
"81",2008,10,307.94588186782,"Terawatthours",2008.75
"82",2008,9,326.805403847529,"Terawatthours",2008.66666666667
"83",2008,8,376.040989980333,"Terawatthours",2008.58333333333
"84",2008,7,389.49155282818,"Terawatthours",2008.5
"85",2008,6,360.691717815895,"Terawatthours",2008.41666666667
"86",2008,5,314.42044511046,"Terawatthours",2008.33333333333
"87",2008,4,295.685645395017,"Terawatthours",2008.25
"88",2008,3,313.825959109846,"Terawatthours",2008.16666666667
"89",2008,2,314.285872942688,"Terawatthours",2008.08333333333
"90",2008,1,350.917607041658,"Terawatthours",2008
"91",2007,12,334.765565324757,"Terawatthours",2007.91666666667
"92",2007,11,303.649007680029,"Terawatthours",2007.83333333333
"93",2007,10,321.545760320317,"Terawatthours",2007.75
"94",2007,9,343.566173274577,"Terawatthours",2007.66666666667
"95",2007,8,407.758994005029,"Terawatthours",2007.58333333333
"96",2007,7,380.139602595826,"Terawatthours",2007.5
"97",2007,6,350.682160609381,"Terawatthours",2007.41666666667
"98",2007,5,319.213397135434,"Terawatthours",2007.33333333333
"99",2007,4,293.040733142284,"Terawatthours",2007.25
"100",2007,3,309.805753234336,"Terawatthours",2007.16666666667
"101",2007,2,312.473078875308,"Terawatthours",2007.08333333333
"102",2007,1,341.765352026405,"Terawatthours",2007
"103",2006,12,325.091522571083,"Terawatthours",2006.91666666667
"104",2006,11,298.869820771947,"Terawatthours",2006.83333333333
"105",2006,10,310.86513070575,"Terawatthours",2006.75
"106",2006,9,321.004305643343,"Terawatthours",2006.66666666667
"107",2006,8,394.191935674624,"Terawatthours",2006.58333333333
"108",2006,7,396.761724166303,"Terawatthours",2006.5
"109",2006,6,352.136996867382,"Terawatthours",2006.41666666667
"110",2006,5,319.612470485688,"Terawatthours",2006.33333333333
"111",2006,4,287.945168957707,"Terawatthours",2006.25
"112",2006,3,308.122266581121,"Terawatthours",2006.16666666667
"113",2006,2,297.105175128746,"Terawatthours",2006.08333333333
"114",2006,1,317.719797364747,"Terawatthours",2006
"115",2005,12,336.516042729094,"Terawatthours",2005.91666666667
"116",2005,11,295.927523411161,"Terawatthours",2005.83333333333
"117",2005,10,305.86799691915,"Terawatthours",2005.75
"118",2005,9,338.562326588778,"Terawatthours",2005.66666666667
"119",2005,8,391.463993829955,"Terawatthours",2005.58333333333
"120",2005,7,388.885912819651,"Terawatthours",2005.5
"121",2005,6,351.56840927828,"Terawatthours",2005.41666666667
"122",2005,5,304.576639671064,"Terawatthours",2005.33333333333
"123",2005,4,279.92557647471,"Terawatthours",2005.25
"124",2005,3,306.89305972035,"Terawatthours",2005.16666666667
"125",2005,2,288.566032862634,"Terawatthours",2005.08333333333
"126",2005,1,331.702149629459,"Terawatthours",2005
"127",2004,12,330.567714133907,"Terawatthours",2004.91666666667
"128",2004,11,292.047131255764,"Terawatthours",2004.83333333333
"129",2004,10,302.051677955863,"Terawatthours",2004.75
"130",2004,9,324.452474675094,"Terawatthours",2004.66666666667
"131",2004,8,356.177148096618,"Terawatthours",2004.58333333333
"132",2004,7,364.773854633425,"Terawatthours",2004.5
"133",2004,6,333.60042488906,"Terawatthours",2004.41666666667
"134",2004,5,316.484837557096,"Terawatthours",2004.33333333333
"135",2004,4,280.889892565099,"Terawatthours",2004.25
"136",2004,3,298.53463017009,"Terawatthours",2004.16666666667
"137",2004,2,303.820471791814,"Terawatthours",2004.08333333333
"138",2004,1,335.012364909135,"Terawatthours",2004
"139",2003,12,320.641892224458,"Terawatthours",2003.91666666667
"140",2003,11,287.953516579335,"Terawatthours",2003.83333333333
"141",2003,10,296.532397777961,"Terawatthours",2003.75
"142",2003,9,312.38137684404,"Terawatthours",2003.66666666667
"143",2003,8,369.10922455264,"Terawatthours",2003.58333333333
"144",2003,7,361.935906893226,"Terawatthours",2003.5
"145",2003,6,317.754560592743,"Terawatthours",2003.41666666667
"146",2003,5,297.309594703334,"Terawatthours",2003.33333333333
"147",2003,4,276.245565907157,"Terawatthours",2003.25
"148",2003,3,294.189388112825,"Terawatthours",2003.16666666667
"149",2003,2,289.289582664137,"Terawatthours",2003.08333333333
"150",2003,1,330.607287757411,"Terawatthours",2003
"151",2002,12,314.02302871718,"Terawatthours",2002.91666666667
"152",2002,11,286.428853215624,"Terawatthours",2002.83333333333
"153",2002,10,296.840324960577,"Terawatthours",2002.75
"154",2002,9,320.25424066338,"Terawatthours",2002.66666666667
"155",2002,8,362.119365092045,"Terawatthours",2002.58333333333
"156",2002,7,368.844141405106,"Terawatthours",2002.5
"157",2002,6,329.673674673728,"Terawatthours",2002.41666666667
"158",2002,5,297.434960802691,"Terawatthours",2002.33333333333
"159",2002,4,280.201915135691,"Terawatthours",2002.25
"160",2002,3,292.479980813552,"Terawatthours",2002.16666666667
"161",2002,2,272.446366576922,"Terawatthours",2002.08333333333
"162",2002,1,309.293613355075,"Terawatthours",2002
"163",2001,12,295.32921306878,"Terawatthours",2001.91666666667
"164",2001,11,269.650840415446,"Terawatthours",2001.83333333333
"165",2001,10,284.92468816911,"Terawatthours",2001.75
"166",2001,9,296.71407527973,"Terawatthours",2001.66666666667
"167",2001,8,358.201256381024,"Terawatthours",2001.58333333333
"168",2001,7,345.712085297518,"Terawatthours",2001.5
"169",2001,6,316.788110952738,"Terawatthours",2001.41666666667
"170",2001,5,290.491065947254,"Terawatthours",2001.33333333333
"171",2001,4,268.824226730099,"Terawatthours",2001.25
"172",2001,3,290.698836171125,"Terawatthours",2001.16666666667
"173",2001,2,273.523765630547,"Terawatthours",2001.08333333333
"174",2001,1,321.427573078888,"Terawatthours",2001
"175",2000,12,308.393912786354,"Terawatthours",2000.91666666667
"176",2000,11,275.196264551576,"Terawatthours",2000.83333333333
"177",2000,10,279.818756886174,"Terawatthours",2000.75
"178",2000,9,302.048220967451,"Terawatthours",2000.66666666667
"179",2000,8,356.399810632149,"Terawatthours",2000.58333333333
"180",2000,7,344.662437856409,"Terawatthours",2000.5
"181",2000,6,327.769735405427,"Terawatthours",2000.41666666667
"182",2000,5,312.20557409579,"Terawatthours",2000.33333333333
"183",2000,4,276.073537231267,"Terawatthours",2000.25
"184",2000,3,291.543049949044,"Terawatthours",2000.16666666667
"185",2000,2,284.379138468951,"Terawatthours",2000.08333333333
"186",2000,1,317.078093890691,"Terawatthours",2000
"187",1999,12,285.350647918058,"Terawatthours",1999.91666666667
"188",1999,11,262.073433099045,"Terawatthours",1999.83333333333
"189",1999,10,274.48530433623,"Terawatthours",1999.75
"190",1999,9,295.347895887029,"Terawatthours",1999.66666666667
"191",1999,8,351.916183665977,"Terawatthours",1999.58333333333
"192",1999,7,364.006870131316,"Terawatthours",1999.5
"193",1999,6,317.977035584718,"Terawatthours",1999.41666666667
"194",1999,5,290.110728584813,"Terawatthours",1999.33333333333
"195",1999,4,271.376503100667,"Terawatthours",1999.25
"196",1999,3,288.22226939354,"Terawatthours",1999.16666666667
"197",1999,2,265.674076974297,"Terawatthours",1999.08333333333
"198",1999,1,305.303206603673,"Terawatthours",1999
"199",1998,12,288.069008607203,"Terawatthours",1998.91666666667
"200",1998,11,258.24593595986,"Terawatthours",1998.83333333333
"201",1998,10,274.979015644432,"Terawatthours",1998.75
"202",1998,9,308.310453971024,"Terawatthours",1998.66666666667
"203",1998,8,345.47225189281,"Terawatthours",1998.58333333333
"204",1998,7,349.890981055261,"Terawatthours",1998.5
"205",1998,6,317.95689785384,"Terawatthours",1998.41666666667
"206",1998,5,289.667698505501,"Terawatthours",1998.33333333333
"207",1998,4,252.535714208614,"Terawatthours",1998.25
"208",1998,3,277.330504405029,"Terawatthours",1998.16666666667
"209",1998,2,251.91731737148,"Terawatthours",1998.08333333333
"210",1998,1,285.433947224695,"Terawatthours",1998
"211",1997,12,286.493174854609,"Terawatthours",1997.91666666667
"212",1997,11,262.0977402905,"Terawatthours",1997.83333333333
"213",1997,10,275.486622576639,"Terawatthours",1997.75
"214",1997,9,291.037311685349,"Terawatthours",1997.66666666667
"215",1997,8,321.81954877564,"Terawatthours",1997.58333333333
"216",1997,7,333.050725062711,"Terawatthours",1997.5
"217",1997,6,289.137600847507,"Terawatthours",1997.41666666667
"218",1997,5,263.831036191747,"Terawatthours",1997.33333333333
"219",1997,4,249.688607769248,"Terawatthours",1997.25
"220",1997,3,263.197297518454,"Terawatthours",1997.16666666667
"221",1997,2,249.54026178411,"Terawatthours",1997.08333333333
"222",1997,1,290.570607615759,"Terawatthours",1997
"223",1996,12,274.789602454388,"Terawatthours",1996.91666666667
"224",1996,11,260.165480011984,"Terawatthours",1996.83333333333
"225",1996,10,262.412579516502,"Terawatthours",1996.75
"226",1996,9,273.727806251148,"Terawatthours",1996.66666666667
"227",1996,8,318.327468450641,"Terawatthours",1996.58333333333
"228",1996,7,316.802112915871,"Terawatthours",1996.5
"229",1996,6,292.642285259452,"Terawatthours",1996.41666666667
"230",1996,5,272.872405596857,"Terawatthours",1996.33333333333
"231",1996,4,243.239036155365,"Terawatthours",1996.25
"232",1996,3,265.866207612448,"Terawatthours",1996.16666666667
"233",1996,2,261.676667307891,"Terawatthours",1996.08333333333
"234",1996,1,287.041182922088,"Terawatthours",1996
"235",1995,12,276.050464540429,"Terawatthours",1995.91666666667
"236",1995,11,252.776229150468,"Terawatthours",1995.83333333333
"237",1995,10,255.193067172723,"Terawatthours",1995.75
"238",1995,9,268.337470000934,"Terawatthours",1995.66666666667
"239",1995,8,334.27229484058,"Terawatthours",1995.58333333333
"240",1995,7,319.419634142408,"Terawatthours",1995.5
"241",1995,6,276.731279546138,"Terawatthours",1995.41666666667
"242",1995,5,255.492558762249,"Terawatthours",1995.33333333333
"243",1995,4,236.590953555591,"Terawatthours",1995.25
"244",1995,3,252.644912893483,"Terawatthours",1995.16666666667
"245",1995,2,243.910204268633,"Terawatthours",1995.08333333333
"246",1995,1,270.46207166242,"Terawatthours",1995
"247",1994,12,260.549977167808,"Terawatthours",1994.91666666667
"248",1994,11,243.486006849069,"Terawatthours",1994.83333333333
"249",1994,10,247.991056316141,"Terawatthours",1994.75
"250",1994,9,257.400944939581,"Terawatthours",1994.66666666667
"251",1994,8,297.367304948652,"Terawatthours",1994.58333333333
"252",1994,7,300.897995077959,"Terawatthours",1994.5
"253",1994,6,284.37188807379,"Terawatthours",1994.41666666667
"254",1994,5,244.333421434771,"Terawatthours",1994.33333333333
"255",1994,4,232.628040302637,"Terawatthours",1994.25
"256",1994,3,249.41171034448,"Terawatthours",1994.16666666667
"257",1994,2,240.879675399063,"Terawatthours",1994.08333333333
"258",1994,1,280.124726462096,"Terawatthours",1994
"259",1993,12,263.10675748385,"Terawatthours",1993.91666666667
"260",1993,11,243.712016167006,"Terawatthours",1993.83333333333
"261",1993,10,242.214233401672,"Terawatthours",1993.75
"262",1993,9,255.24530965337,"Terawatthours",1993.66666666667
"263",1993,8,301.08492669942,"Terawatthours",1993.58333333333
"264",1993,7,301.833791013945,"Terawatthours",1993.5
"265",1993,6,266.195454823712,"Terawatthours",1993.41666666667
"266",1993,5,236.194269935581,"Terawatthours",1993.33333333333
"267",1993,4,226.88432172575,"Terawatthours",1993.25
"268",1993,3,252.553063920873,"Terawatthours",1993.16666666667
"269",1993,2,239.761217841006,"Terawatthours",1993.08333333333
"270",1993,1,262.001151492894,"Terawatthours",1993
"271",1992,12,258.445450400442,"Terawatthours",1992.91666666667
"272",1992,11,236.036130116661,"Terawatthours",1992.83333333333
"273",1992,10,236.840369082543,"Terawatthours",1992.75
"274",1992,9,251.274562106766,"Terawatthours",1992.66666666667
"275",1992,8,272.544703203122,"Terawatthours",1992.58333333333
"276",1992,7,283.84499025686,"Terawatthours",1992.5
"277",1992,6,252.388117430976,"Terawatthours",1992.41666666667
"278",1992,5,234.344302608854,"Terawatthours",1992.33333333333
"279",1992,4,225.63767524782,"Terawatthours",1992.25
"280",1992,3,239.488443474285,"Terawatthours",1992.16666666667
"281",1992,2,231.542849491014,"Terawatthours",1992.08333333333
"282",1992,1,258.861022749923,"Terawatthours",1992
"283",1991,12,245.63239933153,"Terawatthours",1991.91666666667
"284",1991,11,233.618718829829,"Terawatthours",1991.83333333333
"285",1991,10,237.211895764785,"Terawatthours",1991.75
"286",1991,9,247.506573310899,"Terawatthours",1991.66666666667
"287",1991,8,282.435353929007,"Terawatthours",1991.58333333333
"288",1991,7,284.841763949583,"Terawatthours",1991.5
"289",1991,6,260.143457178365,"Terawatthours",1991.41666666667
"290",1991,5,246.39067949257,"Terawatthours",1991.33333333333
"291",1991,4,220.217674247488,"Terawatthours",1991.25
"292",1991,3,232.55518349847,"Terawatthours",1991.16666666667
"293",1991,2,220.692488125745,"Terawatthours",1991.08333333333
"294",1991,1,260.254686940598,"Terawatthours",1991
"295",1990,12,247.257649844098,"Terawatthours",1990.91666666667
"296",1990,11,223.546481473794,"Terawatthours",1990.83333333333
"297",1990,10,236.239383827707,"Terawatthours",1990.75
"298",1990,9,249.75835657069,"Terawatthours",1990.66666666667
"299",1990,8,280.982064421974,"Terawatthours",1990.58333333333
"300",1990,7,277.881314991917,"Terawatthours",1990.5
"301",1990,6,260.040022074289,"Terawatthours",1990.41666666667
"302",1990,5,233.72714993953,"Terawatthours",1990.33333333333
"303",1990,4,222.122842216088,"Terawatthours",1990.25
"304",1990,3,236.615662902297,"Terawatthours",1990.16666666667
"305",1990,2,221.861322396096,"Terawatthours",1990.08333333333
"306",1990,1,246.694232270105,"Terawatthours",1990
"307",1989,12,265.31455887988,"Terawatthours",1989.91666666667
"308",1989,11,226.453825162871,"Terawatthours",1989.83333333333
"309",1989,10,227.825801004823,"Terawatthours",1989.75
"310",1989,9,234.713463728835,"Terawatthours",1989.66666666667
"311",1989,8,266.253379680727,"Terawatthours",1989.58333333333
"312",1989,7,264.356885118177,"Terawatthours",1989.5
"313",1989,6,242.568360102248,"Terawatthours",1989.41666666667
"314",1989,5,227.009650123052,"Terawatthours",1989.33333333333
"315",1989,4,215.451375641843,"Terawatthours",1989.25
"316",1989,3,233.894277348291,"Terawatthours",1989.16666666667
"317",1989,2,226.002335322486,"Terawatthours",1989.08333333333
"318",1989,1,238.553638425638,"Terawatthours",1989
"319",1988,12,225.233660028224,"Terawatthours",1988.91666666667
"320",1988,11,202.832213673587,"Terawatthours",1988.83333333333
"321",1988,10,203.797862869966,"Terawatthours",1988.75
"322",1988,9,213.057445968136,"Terawatthours",1988.66666666667
"323",1988,8,259.011756531867,"Terawatthours",1988.58333333333
"324",1988,7,249.164300760188,"Terawatthours",1988.5
"325",1988,6,225.309271015833,"Terawatthours",1988.41666666667
"326",1988,5,201.757813383401,"Terawatthours",1988.33333333333
"327",1988,4,189.764216476294,"Terawatthours",1988.25
"328",1988,3,207.161785210112,"Terawatthours",1988.16666666667
"329",1988,2,209.955090817231,"Terawatthours",1988.08333333333
"330",1988,1,230.261369214575,"Terawatthours",1988
"331",1987,12,213.390123099671,"Terawatthours",1987.91666666667
"332",1987,11,193.807302665491,"Terawatthours",1987.83333333333
"333",1987,10,196.451800195621,"Terawatthours",1987.75
"334",1987,9,206.125108242585,"Terawatthours",1987.66666666667
"335",1987,8,239.631128350882,"Terawatthours",1987.58333333333
"336",1987,7,239.936090605236,"Terawatthours",1987.5
"337",1987,6,218.389553811458,"Terawatthours",1987.41666666667
"338",1987,5,199.537523906748,"Terawatthours",1987.33333333333
"339",1987,4,183.476002890063,"Terawatthours",1987.25
"340",1987,3,195.402929030154,"Terawatthours",1987.16666666667
"341",1987,2,187.814840431603,"Terawatthours",1987.08333333333
"342",1987,1,215.618027424681,"Terawatthours",1987
"343",1986,12,206.671587926764,"Terawatthours",1986.91666666667
"344",1986,11,190.108924430198,"Terawatthours",1986.83333333333
"345",1986,10,191.371546912184,"Terawatthours",1986.75
"346",1986,9,200.019165723807,"Terawatthours",1986.66666666667
"347",1986,8,217.900940981132,"Terawatthours",1986.58333333333
"348",1986,7,234.867901012626,"Terawatthours",1986.5
"349",1986,6,208.167696334176,"Terawatthours",1986.41666666667
"350",1986,5,191.069661725535,"Terawatthours",1986.33333333333
"351",1986,4,180.16792502688,"Terawatthours",1986.25
"352",1986,3,190.554455412481,"Terawatthours",1986.16666666667
"353",1986,2,186.172762235228,"Terawatthours",1986.08333333333
"354",1986,1,210.513904873657,"Terawatthours",1986
"355",1985,12,212.185640086396,"Terawatthours",1985.91666666667
"356",1985,11,186.237470561954,"Terawatthours",1985.83333333333
"357",1985,10,188.50565034872,"Terawatthours",1985.75
"358",1985,9,195.966021786443,"Terawatthours",1985.66666666667
"359",1985,8,218.755488022233,"Terawatthours",1985.58333333333
"360",1985,7,219.448930316153,"Terawatthours",1985.5
"361",1985,6,198.836742279487,"Terawatthours",1985.41666666667
"362",1985,5,190.562467582493,"Terawatthours",1985.33333333333
"363",1985,4,179.010624685151,"Terawatthours",1985.25
"364",1985,3,188.75232909318,"Terawatthours",1985.16666666667
"365",1985,2,191.882671736123,"Terawatthours",1985.08333333333
"366",1985,1,220.554979064574,"Terawatthours",1985
"367",1984,12,193.568109228995,"Terawatthours",1984.91666666667
"368",1984,11,184.25851193829,"Terawatthours",1984.83333333333
"369",1984,10,184.781086586266,"Terawatthours",1984.75
"370",1984,9,188.907970909287,"Terawatthours",1984.66666666667
"371",1984,8,221.892704039788,"Terawatthours",1984.58333333333
"372",1984,7,214.153628378823,"Terawatthours",1984.5
"373",1984,6,202.979466299135,"Terawatthours",1984.41666666667
"374",1984,5,186.1420031588,"Terawatthours",1984.33333333333
"375",1984,4,175.344657649662,"Terawatthours",1984.25
"376",1984,3,193.718450522881,"Terawatthours",1984.16666666667
"377",1984,2,183.493042285409,"Terawatthours",1984.08333333333
"378",1984,1,209.704367318992,"Terawatthours",1984
"379",1983,12,205.481354356778,"Terawatthours",1983.91666666667
"380",1983,11,177.074642537119,"Terawatthours",1983.83333333333
"381",1983,10,177.04180308064,"Terawatthours",1983.75
"382",1983,9,189.300097414258,"Terawatthours",1983.66666666667
"383",1983,8,222.532473108415,"Terawatthours",1983.58333333333
"384",1983,7,213.110223044587,"Terawatthours",1983.5
"385",1983,6,184.998381895939,"Terawatthours",1983.41666666667
"386",1983,5,168.909858474239,"Terawatthours",1983.33333333333
"387",1983,4,164.988905674877,"Terawatthours",1983.25
"388",1983,3,176.686060992021,"Terawatthours",1983.16666666667
"389",1983,2,166.976784218027,"Terawatthours",1983.08333333333
"390",1983,1,189.352135917122,"Terawatthours",1983
"391",1982,12,178.802423304447,"Terawatthours",1982.91666666667
"392",1982,11,167.821280277996,"Terawatthours",1982.83333333333
"393",1982,10,167.408963839302,"Terawatthours",1982.75
"394",1982,9,174.855622362979,"Terawatthours",1982.66666666667
"395",1982,8,199.039468161765,"Terawatthours",1982.58333333333
"396",1982,7,203.847353100611,"Terawatthours",1982.5
"397",1982,6,180.242038566209,"Terawatthours",1982.41666666667
"398",1982,5,171.573332705302,"Terawatthours",1982.33333333333
"399",1982,4,167.123060457026,"Terawatthours",1982.25
"400",1982,3,181.712269829934,"Terawatthours",1982.16666666667
"401",1982,2,174.536899825329,"Terawatthours",1982.08333333333
"402",1982,1,202.715608951742,"Terawatthours",1982
"403",1981,12,189.308493371854,"Terawatthours",1981.91666666667
"404",1981,11,169.941290022548,"Terawatthours",1981.83333333333
"405",1981,10,175.515236246519,"Terawatthours",1981.75
"406",1981,9,180.826294742611,"Terawatthours",1981.66666666667
"407",1981,8,203.629199344151,"Terawatthours",1981.58333333333
"408",1981,7,213.311214632343,"Terawatthours",1981.5
"409",1981,6,196.26408939836,"Terawatthours",1981.41666666667
"410",1981,5,172.209987004168,"Terawatthours",1981.33333333333
"411",1981,4,167.089070604514,"Terawatthours",1981.25
"412",1981,3,179.649210489288,"Terawatthours",1981.16666666667
"413",1981,2,173.874056132424,"Terawatthours",1981.08333333333
"414",1981,1,199.877158517478,"Terawatthours",1981
"415",1980,12,189.330948329025,"Terawatthours",1980.91666666667
"416",1980,11,172.82173474558,"Terawatthours",1980.83333333333
"417",1980,10,172.811751434804,"Terawatthours",1980.75
"418",1980,9,185.317915511127,"Terawatthours",1980.66666666667
"419",1980,8,208.453097022388,"Terawatthours",1980.58333333333
"420",1980,7,209.834027585722,"Terawatthours",1980.5
"421",1980,6,183.433533942092,"Terawatthours",1980.41666666667
"422",1980,5,170.206879731024,"Terawatthours",1980.33333333333
"423",1980,4,163.391603985572,"Terawatthours",1980.25
"424",1980,3,181.496531905141,"Terawatthours",1980.16666666667
"425",1980,2,182.672622370968,"Terawatthours",1980.08333333333
"426",1980,1,193.630338887296,"Terawatthours",1980
"427",1979,12,182.681121767535,"Terawatthours",1979.91666666667
"428",1979,11,171.853224059911,"Terawatthours",1979.83333333333
"429",1979,10,173.96439895628,"Terawatthours",1979.75
"430",1979,9,174.95169299901,"Terawatthours",1979.66666666667
"431",1979,8,198.274711947768,"Terawatthours",1979.58333333333
"432",1979,7,195.782398278614,"Terawatthours",1979.5
"433",1979,6,180.75368445188,"Terawatthours",1979.41666666667
"434",1979,5,172.47177750558,"Terawatthours",1979.33333333333
"435",1979,4,164.594093623538,"Terawatthours",1979.25
"436",1979,3,177.058520558441,"Terawatthours",1979.16666666667
"437",1979,2,180.377562952545,"Terawatthours",1979.08333333333
"438",1979,1,202.998254489793,"Terawatthours",1979
"439",1978,12,185.711962887456,"Terawatthours",1978.91666666667
"440",1978,11,170.518750161887,"Terawatthours",1978.83333333333
"441",1978,10,170.155285919063,"Terawatthours",1978.75
"442",1978,9,179.618445612544,"Terawatthours",1978.66666666667
"443",1978,8,199.781012477336,"Terawatthours",1978.58333333333
"444",1978,7,196.193076128002,"Terawatthours",1978.5
"445",1978,6,182.309142660635,"Terawatthours",1978.41666666667
"446",1978,5,169.706256379435,"Terawatthours",1978.33333333333
"447",1978,4,154.687646703396,"Terawatthours",1978.25
"448",1978,3,167.687996747125,"Terawatthours",1978.16666666667
"449",1978,2,167.963360954996,"Terawatthours",1978.08333333333
"450",1978,1,191.514485069251,"Terawatthours",1978
"451",1977,12,178.44601997979,"Terawatthours",1977.91666666667
"452",1977,11,161.817288949084,"Terawatthours",1977.83333333333
"453",1977,10,161.099219479603,"Terawatthours",1977.75
"454",1977,9,170.623607310133,"Terawatthours",1977.66666666667
"455",1977,8,189.828073123269,"Terawatthours",1977.58333333333
"456",1977,7,192.539295556699,"Terawatthours",1977.5
"457",1977,6,175.006376446029,"Terawatthours",1977.41666666667
"458",1977,5,163.952125268378,"Terawatthours",1977.33333333333
"459",1977,4,151.888388038491,"Terawatthours",1977.25
"460",1977,3,163.79819261209,"Terawatthours",1977.16666666667
"461",1977,2,157.52603720106,"Terawatthours",1977.08333333333
"462",1977,1,190.120037835899,"Terawatthours",1977
"463",1976,12,178.015672291692,"Terawatthours",1976.91666666667
"464",1976,11,163.710337157135,"Terawatthours",1976.83333333333
"465",1976,10,158.551104835857,"Terawatthours",1976.75
"466",1976,9,159.738228469679,"Terawatthours",1976.66666666667
"467",1976,8,180.427239760025,"Terawatthours",1976.58333333333
"468",1976,7,180.477841717928,"Terawatthours",1976.5
"469",1976,6,167.893745560825,"Terawatthours",1976.41666666667
"470",1976,5,152.417291798082,"Terawatthours",1976.33333333333
"471",1976,4,148.359898162435,"Terawatthours",1976.25
"472",1976,3,158.993118893128,"Terawatthours",1976.16666666667
"473",1976,2,151.741875919969,"Terawatthours",1976.08333333333
"474",1976,1,172.664402137321,"Terawatthours",1976
"475",1975,12,163.982956848758,"Terawatthours",1975.91666666667
"476",1975,11,147.941990218993,"Terawatthours",1975.83333333333
"477",1975,10,150.022993804301,"Terawatthours",1975.75
"478",1975,9,150.267655005467,"Terawatthours",1975.66666666667
"479",1975,8,173.94267580566,"Terawatthours",1975.58333333333
"480",1975,7,171.163950259849,"Terawatthours",1975.5
"481",1975,6,157.301634570692,"Terawatthours",1975.41666666667
"482",1975,5,148.421466584698,"Terawatthours",1975.33333333333
"483",1975,4,141.619434894406,"Terawatthours",1975.25
"484",1975,3,150.57641066657,"Terawatthours",1975.16666666667
"485",1975,2,142.445130196366,"Terawatthours",1975.08333333333
"486",1975,1,159.144317667081,"Terawatthours",1975
"487",1974,12,154.683815594593,"Terawatthours",1974.91666666667
"488",1974,11,145.076400105565,"Terawatthours",1974.83333333333
"489",1974,10,147.130656499767,"Terawatthours",1974.75
"490",1974,9,147.393227143699,"Terawatthours",1974.66666666667
"491",1974,8,168.324208288527,"Terawatthours",1974.58333333333
"492",1974,7,172.315118700712,"Terawatthours",1974.5
"493",1974,6,151.233661888008,"Terawatthours",1974.41666666667
"494",1974,5,148.693881331818,"Terawatthours",1974.33333333333
"495",1974,4,137.575410020715,"Terawatthours",1974.25
"496",1974,3,145.338720369184,"Terawatthours",1974.16666666667
"497",1974,2,137.997697202834,"Terawatthours",1974.08333333333
"498",1974,1,152.3111692142,"Terawatthours",1974
"499",1973,12,148.492789205249,"Terawatthours",1973.91666666667
"500",1973,11,143.20749377996,"Terawatthours",1973.83333333333
"501",1973,10,149.065674828602,"Terawatthours",1973.75
"502",1973,9,151.654129704301,"Terawatthours",1973.66666666667
"503",1973,8,171.462530233024,"Terawatthours",1973.58333333333
"504",1973,7,167.951060417927,"Terawatthours",1973.5
"505",1973,6,155.877380479476,"Terawatthours",1973.41666666667
"506",1973,5,142.489719159882,"Terawatthours",1973.33333333333
"507",1973,4,134.943813360374,"Terawatthours",1973.25
"508",1973,3,143.227563840483,"Terawatthours",1973.16666666667
"509",1973,2,138.761638472415,"Terawatthours",1973.08333333333
"510",1973,1,154.885830938146,"Terawatthours",1973
"511",2015,7,376.329899,"Terawatthours",2015.5
"512",2015,8,357.411006,"Terawatthours",2015.58333333333
"513",2015,9,336.68961,"Terawatthours",2015.66666666667
"514",2015,10,301.9053,"Terawatthours",2015.75
"515",2015,11,289.665194,"Terawatthours",2015.83333333333
"516",2015,12,313.081734,"Terawatthours",2015.91666666667
"517",2016,1,340.24911,"Terawatthours",2016
"518",2016,2,302.118471,"Terawatthours",2016.08333333333
"519",2016,3,293.827393,"Terawatthours",2016.16666666667
"520",2016,4,282.465035,"Terawatthours",2016.25
"521",2016,5,305.010177,"Terawatthours",2016.33333333333
"522",2016,6,356.54708,"Terawatthours",2016.41666666667
"523",2016,7,400.649271,"Terawatthours",2016.5
"524",2016,8,397.919596,"Terawatthours",2016.58333333333
"525",2016,9,341.44652,"Terawatthours",2016.66666666667
"526",2016,10,302.530147,"Terawatthours",2016.75
"527",2016,11,282.714313,"Terawatthours",2016.83333333333
"528",2016,12,335.459392,"Terawatthours",2016.91666666667
"529",2017,1,333.159305,"Terawatthours",2017
"530",2017,2,280.823813,"Terawatthours",2017.08333333333
"531",2017,3,306.60314,"Terawatthours",2017.16666666667
"532",2017,4,287.306742,"Terawatthours",2017.25
"533",2017,5,313.208858,"Terawatthours",2017.33333333333
"534",2017,6,349.962311,"Terawatthours",2017.41666666667
"535",2017,7,396.497177,"Terawatthours",2017.5
"536",2017,8,376.109494,"Terawatthours",2017.58333333333
"537",2017,9,330.279807,"Terawatthours",2017.66666666667
"538",2017,10,311.831555,"Terawatthours",2017.75
"539",2017,11,296.821859,"Terawatthours",2017.83333333333
"540",2017,12,341.561327,"Terawatthours",2017.91666666667
"541",2018,1,366.047856,"Terawatthours",2018
"542",2018,2,297.798502,"Terawatthours",2018.08333333333
"543",2018,3,311.997018,"Terawatthours",2018.16666666667
"544",2018,4,292.657095,"Terawatthours",2018.25
"545",2018,5,330.589428,"Terawatthours",2018.33333333333
"546",2018,6,336.633039,"Terawatthours",2018.41666666667
"547",2018,7,356.316402,"Terawatthours",2018.5
"548",2018,8,369.841378,"Terawatthours",2018.58333333333
"549",2018,9,343.622165,"Terawatthours",2018.66666666667
"550",2018,10,308.935713,"Terawatthours",2018.75
"551",2018,11,303.4048,"Terawatthours",2018.83333333333
"552",2018,12,322.761812,"Terawatthours",2018.91666666667
"553",2019,1,339.813013,"Terawatthours",2019
"554",2019,2,301.398846,"Terawatthours",2019.08333333333
"555",2019,3,314.593406,"Terawatthours",2019.16666666667
"556",2019,4,285.928731,"Terawatthours",2019.25
"557",2019,5,318.789495,"Terawatthours",2019.33333333333
"558",2019,6,341.030982,"Terawatthours",2019.41666666667
"559",2019,7,398.869101,"Terawatthours",2019.5
"560",2019,8,389.549479,"Terawatthours",2019.58333333333
"561",2019,9,348.945835,"Terawatthours",2019.66666666667
"562",2019,10,307.395517,"Terawatthours",2019.75
"563",2019,11,302.892307,"Terawatthours",2019.83333333333
"564",2019,12,321.402105,"Terawatthours",2019.91666666667
"565",2020,1,317.105929,"Terawatthours",2020
"566",2020,2,298.163939,"Terawatthours",2020.08333333333
"567",2020,3,293.387898,"Terawatthours",2020.16666666667
"568",2020,4,265.351995,"Terawatthours",2020.25
"569",2020,5,37.316229,"Terawatthours",2020.33333333333
